[
    {
        "dialogue_idx": "MUL2466.json",
        "domains": [
            "attraction",
            "restaurant"
        ],
        "dialogue": [
            {
                "system_transcript": "",
                "turn_idx": 0,
                "belief_state": [
                    {
                        "slots": [
                            [
                                "restaurant-price range",
                                "expensive"
                            ]
                        ],
                        "act": "inform"
                    },
                    {
                        "slots": [
                            [
                                "restaurant-area",
                                "south"
                            ]
                        ],
                        "act": "inform"
                    }
                ],
                "turn_label": [
                    [
                        "restaurant-price range",
                        "expensive"
                    ],
                    [
                        "restaurant-area",
                        "south"
                    ]
                ],
                "transcript": "i am starving ! can you find me somewhere to eat on the south side of the city ? money is no object so please find me something expensive .",
                "system_acts": [],
                "domain": "restaurant"
            },
            {
                "system_transcript": "we have several options available to you . what type of cuisine would you prefer ? we have chinese , indian , italian , and mexican as options .",
                "turn_idx": 1,
                "belief_state": [
                    {
                        "slots": [
                            [
                                "restaurant-book day",
                                "saturday"
                            ]
                        ],
                        "act": "inform"
                    },
                    {
                        "slots": [
                            [
                                "restaurant-book people",
                                "4"
                            ]
                        ],
                        "act": "inform"
                    },
                    {
                        "slots": [
                            [
                                "restaurant-book time",
                                "15:45"
                            ]
                        ],
                        "act": "inform"
                    },
                    {
                        "slots": [
                            [
                                "restaurant-food",
                                "dontcare"
                            ]
                        ],
                        "act": "inform"
                    },
                    {
                        "slots": [
                            [
                                "restaurant-price range",
                                "expensive"
                            ]
                        ],
                        "act": "inform"
                    },
                    {
                        "slots": [
                            [
                                "restaurant-area",
                                "south"
                            ]
                        ],
                        "act": "inform"
                    }
                ],
                "turn_label": [
                    [
                        "restaurant-book day",
                        "saturday"
                    ],
                    [
                        "restaurant-book people",
                        "4"
                    ],
                    [
                        "restaurant-book time",
                        "15:45"
                    ],
                    [
                        "restaurant-food",
                        "dontcare"
                    ]
                ],
                "transcript": "whichever 1 you recommend , as long as its expensive . i'll need a reservation for 4 at 15:45 on saturday .",
                "system_acts": [
                    "food",
                    [
                        "food",
                        "chinese"
                    ],
                    [
                        "food",
                        "indian"
                    ],
                    [
                        "food",
                        "italian"
                    ],
                    [
                        "food",
                        "mexican"
                    ],
                    [
                        "choice",
                        "several"
                    ]
                ],
                "domain": "restaurant"
            },
            {
                "system_transcript": "i was able to book you at the peking restaurant , the reference number is 3tfbgbp8 , the table will be held for 15 minutes , is there anything else , that i can assist with ?",
                "turn_idx": 2,
                "belief_state": [
                    {
                        "slots": [
                            [
                                "restaurant-book day",
                                "saturday"
                            ]
                        ],
                        "act": "inform"
                    },
                    {
                        "slots": [
                            [
                                "restaurant-book people",
                                "4"
                            ]
                        ],
                        "act": "inform"
                    },
                    {
                        "slots": [
                            [
                                "restaurant-book time",
                                "15:45"
                            ]
                        ],
                        "act": "inform"
                    },
                    {
                        "slots": [
                            [
                                "restaurant-food",
                                "dontcare"
                            ]
                        ],
                        "act": "inform"
                    },
                    {
                        "slots": [
                            [
                                "restaurant-price range",
                                "expensive"
                            ]
                        ],
                        "act": "inform"
                    },
                    {
                        "slots": [
                            [
                                "restaurant-area",
                                "south"
                            ]
                        ],
                        "act": "inform"
                    },
                    {
                        "slots": [
                            [
                                "attraction-area",
                                "south"
                            ]
                        ],
                        "act": "inform"
                    }
                ],
                "turn_label": [
                    [
                        "attraction-area",
                        "south"
                    ]
                ],
                "transcript": "yes , could you please recommend some place s to go after we get done eating that are near the restaurant as well ?",
                "system_acts": [],
                "domain": "attraction"
            }
        ],
        "target": "attraction-area"
    }
]