[
    {
        "domains": [
            "attraction",
            "restaurant"
        ],
        "dialogue_idx": "PMUL4648.json",
        "dialogue": [
            {
                "turn_label": [],
                "domain": "restaurant",
                "system_transcript": "",
                "turn_idx": 0,
                "belief_state": [],
                "transcript": "please find a restaurant called nusha .",
                "system_acts": []
            },
            {
                "turn_label": [],
                "domain": "restaurant",
                "system_transcript": "i do not seem to be finding anything called nusha . what type of food does the restaurant serve ?",
                "turn_idx": 1,
                "belief_state": [],
                "transcript": "i am not sure of the type of food but could you please check again and see if you can find it ? thank you .",
                "system_acts": [
                    "food"
                ]
            },
            {
                "turn_label": [
                    [
                        "attraction-name",
                        "nusha"
                    ]
                ],
                "domain": "attraction",
                "system_transcript": "could you double check that you've spelled the name correctly ? the closest i can find is nandos .",
                "turn_idx": 2,
                "belief_state": [
                    {
                        "slots": [
                            [
                                "attraction-name",
                                "nusha"
                            ]
                        ],
                        "act": "inform"
                    }
                ],
                "transcript": "it s not a restaurant , it s an attraction . nusha .",
                "system_acts": [
                    [
                        "name",
                        "nandos"
                    ],
                    "name"
                ]
            }
        ]
    },
    {
        "domains": [
            "attraction",
            "restaurant"
        ],
        "dialogue_idx": "PMUL2437.json",
        "dialogue": [
            {
                "turn_label": [
                    [
                        "restaurant-price range",
                        "moderate"
                    ]
                ],
                "domain": "restaurant",
                "system_transcript": "",
                "turn_idx": 0,
                "belief_state": [
                    {
                        "slots": [
                            [
                                "restaurant-price range",
                                "moderate"
                            ]
                        ],
                        "act": "inform"
                    }
                ],
                "transcript": "i want to find a moderate ly priced restaurant .",
                "system_acts": []
            },
            {
                "turn_label": [
                    [
                        "restaurant-area",
                        "centre"
                    ]
                ],
                "domain": "restaurant",
                "system_transcript": "i have many options available for you ! is there a certain area or cuisine that interests you ?",
                "turn_idx": 1,
                "belief_state": [
                    {
                        "slots": [
                            [
                                "restaurant-price range",
                                "moderate"
                            ]
                        ],
                        "act": "inform"
                    },
                    {
                        "slots": [
                            [
                                "restaurant-area",
                                "centre"
                            ]
                        ],
                        "act": "inform"
                    }
                ],
                "transcript": "yes i would like the restaurant to be located in the center of the attractions .",
                "system_acts": [
                    [
                        "choice",
                        "many options"
                    ],
                    "area",
                    "food"
                ]
            }
        ]
    }
]