{
    "hotel-price range": [
        "cheap",
        "do n't care",
        "moderate",
        "expensive"
    ],
    "hotel-type": [
        "hotel",
        "guest house"
    ],
    "hotel-parking": [
        "yes",
        "do n't care",
        "no",
        "free"
    ],
    "hotel-book stay": [
        "2",
        "5",
        "4",
        "3",
        "1",
        "8",
        "7",
        "6",
        "six"
    ],
    "hotel-book day": [
        "tuesday",
        "wednesday",
        "monday",
        "saturday",
        "friday",
        "thursday",
        "sunday"
    ],
    "hotel-book people": [
        "6",
        "5",
        "4",
        "1",
        "2",
        "8",
        "7",
        "3",
        "six",
        "3."
    ],
    "train-destination": [
        "cambridge",
        "ely",
        "peterborough",
        "norwich",
        "london liverpool street",
        "leicester",
        "bishops stortford",
        "kings lynn",
        "broxbourne",
        "birmingham new street",
        "london kings cross",
        "stevenage",
        "stansted airport",
        "lecester",
        "bishop stortford",
        "north",
        "willi",
        "curry prince",
        "bournemouth",
        "cam",
        "centre",
        "no",
        "bishops storford",
        "city centre north",
        "taj tandoori",
        "petersborough",
        "gonv",
        "liverpool",
        "hol",
        "huntingdon marriott hotel",
        "gourmet burger kitchen",
        "huntington marriott",
        "the copper kettle"
    ],
    "train-arrive by": [
        "20:45",
        "11:30",
        "14:45",
        "08:15",
        "13:45",
        "08:00",
        "08:45",
        "11:00",
        "11:45",
        "08:30",
        "05:00",
        "20:00",
        "15:15",
        "19:00",
        "20:15",
        "16:45",
        "12:45",
        "10:45",
        "10:15",
        "21:00",
        "15:00",
        "15:30",
        "17:15",
        "14:30",
        "20:30",
        "12:15",
        "18:15",
        "12:00",
        "10:00",
        "21:45",
        "11:15",
        "16:15",
        "14:00",
        "18:45",
        "18:00",
        "17:45",
        "13:30",
        "18:30",
        "19:30",
        "12:30",
        "09:15",
        "09:00",
        "16:00",
        "23:00",
        "10:30",
        "09:30",
        "16:30",
        "09:45",
        "15:45",
        "19:15",
        "18:23",
        "13:00",
        "17:30",
        "19:45",
        "21:15",
        "13:15",
        "21:30",
        "17:00",
        "8:00",
        "do n't care",
        "thursday",
        "05:30",
        "11:52",
        "12:07",
        "14:15",
        "06:45",
        "6:55",
        "18:07",
        "09:06",
        "07:15",
        "06:01",
        "13:52",
        "22:07",
        "23:27",
        "19:57",
        "08:44",
        "06:30",
        "08:07",
        "19:58",
        "10:43",
        "9:30",
        "13:38",
        "15:06",
        "07:35",
        "01:00",
        "13:56",
        "15:07",
        "11:24",
        "22:00",
        "14:43",
        "19:27",
        "10:32",
        "1100",
        "06:15",
        "23:30",
        "15:01",
        "09:32",
        "16:32",
        "05:15",
        "13:32",
        "07:45",
        "05:45",
        "09;45",
        "18:32",
        "07:30",
        "19:51",
        "tuesday",
        "21:06",
        "16:06",
        "10:08",
        "15:24",
        "17:23"
    ],
    "train-departure": [
        "birmingham new street",
        "ely",
        "cambridge",
        "norwich",
        "bishops stortford",
        "peterborough",
        "stevenage",
        "broxbourne",
        "london liverpool street",
        "leicester",
        "stansted airport",
        "kings lynn",
        "london kings cross",
        "birmingham",
        "london",
        "do n't care",
        "saint johns",
        "wandlebury country park",
        "liecester",
        "panahar",
        "cineworld",
        "stansted",
        "el shaddai",
        "lon",
        "leicaster",
        "city hall",
        "rosa's bed and breakfast",
        "norwhich",
        "cam",
        "brookshite",
        "bro",
        "arbu",
        "aylesbray lodge guest",
        "a",
        "hamilton lodge",
        "cambrid",
        "alpha-milton",
        "duxford",
        "cafe uno",
        "camboats"
    ],
    "train-day": [
        "wednesday",
        "monday",
        "saturday",
        "thursday",
        "friday",
        "tuesday",
        "sunday",
        "do n't care",
        "we",
        "fr",
        "train",
        "n"
    ],
    "train-book people": [
        "5",
        "8",
        "1",
        "6",
        "2",
        "7",
        "4",
        "3",
        "0",
        "15",
        "`1",
        "9",
        "10"
    ],
    "hotel-stars": [
        "4",
        "2",
        "0",
        "3",
        "do n't care",
        "1",
        "5"
    ],
    "hotel-internet": [
        "yes",
        "do n't care",
        "no"
    ],
    "hotel-area": [
        "east",
        "north",
        "centre",
        "south",
        "west",
        "do n't care",
        "southern aylesbray",
        "cambridge",
        "el shaddai",
        "stevenage",
        "place to be a guesthouse",
        "cheap",
        "peterborough",
        "bishops stortford"
    ],
    "train-leave at": [
        "21:15",
        "12:45",
        "19:45",
        "14:00",
        "15:15",
        "10:00",
        "09:29",
        "10:15",
        "09:15",
        "19:15",
        "11:15",
        "17:45",
        "14:30",
        "20:00",
        "after 9:15 am",
        "09:30",
        "08:15",
        "20:15",
        "10:45",
        "14:45",
        "17:00",
        "21:00",
        "17:30",
        "11:30",
        "12:15",
        "08:45",
        "11:45",
        "09:00",
        "05:15",
        "18:00",
        "16:00",
        "11:00",
        "13:45",
        "08:00",
        "16:30",
        "18:45",
        "21:45",
        "14:15",
        "16:15",
        "10:32",
        "12:30",
        "13:00",
        "15:32",
        "13:30",
        "02:00",
        "08:30",
        "15:00",
        "10:30",
        "09:45",
        "20:45",
        "21:30",
        "05:59",
        "15:45",
        "06:00",
        "18:15",
        "bishops stortford",
        "07:45",
        "12:00",
        "05:45",
        "after 11:30",
        "05:00",
        "18:30",
        "13:15",
        "16:45",
        "19:30",
        "19:00",
        "17:15",
        "15:30",
        "05:30",
        "do n't care",
        "18:40",
        "21:50",
        "06:45",
        "06:30",
        "18:06",
        "22:00",
        "11:29",
        "0",
        "13:11",
        "21:07",
        "11:35",
        "8:45",
        "20:30",
        "monday",
        "07:21",
        "13:54",
        "05:16",
        "8:30",
        "after 8:30",
        "05:01",
        "20:36",
        "17:59",
        "18:31",
        "13:35",
        "after 19:30",
        "07:15",
        "morning",
        "09:59",
        "07:00",
        "saturday",
        "07:54",
        "09:54",
        "08:16",
        "19:16",
        "02:30",
        "15:17",
        "9:30",
        "13:39",
        "15:11",
        "13:01",
        "05:17",
        "10:34",
        "10:16",
        "11:39",
        "12:06",
        "11:50",
        "13:29",
        "19:11",
        "22:01",
        "14:48",
        "11:21",
        "08:32",
        "12:32",
        "after 16:30",
        "15:16",
        "11:48",
        "18:11",
        "10:36",
        "18:46",
        "21:39",
        "19:21",
        "thursday",
        "08:01",
        "15:29",
        "14:21",
        "08:11",
        "leicester",
        "20:40",
        "09:17",
        "13:17",
        "15:24",
        "15:01",
        "14:34"
    ],
    "attraction-area": [
        "centre",
        "west",
        "north",
        "south",
        "do n't care",
        "east",
        "cambridge"
    ],
    "restaurant-food": [
        "turkish",
        "indian",
        "chinese",
        "seafood",
        "italian",
        "british",
        "australasian",
        "australian",
        "asian oriental",
        "thai",
        "vegetarian",
        "modern european",
        "gastropub",
        "south indian",
        "european",
        "do n't care",
        "portuguese",
        "swiss",
        "crossover",
        "french",
        "welsh",
        "korean",
        "tuscan",
        "new zealand",
        "polish",
        "molecular gastronomy",
        "eritrean",
        "british food",
        "the americas",
        "danish",
        "north american",
        "swedish",
        "persian",
        "spanish",
        "barbeque",
        "greek",
        "jamaican",
        "mediterranean",
        "lebanese",
        "vietnamese",
        "cantonese",
        "japanese",
        "belgian",
        "catalan",
        "creative",
        "brazilian",
        "scottish",
        "cuban",
        "sri lankan",
        "light bites",
        "caribbean",
        "mexican",
        "moroccan",
        "latin american",
        "african",
        "basque",
        "unusual",
        "modern global",
        "austrian",
        "international",
        "panasian",
        "halal",
        "bistro",
        "russian",
        "north indian",
        "modern eclectic",
        "afghan",
        "world",
        "english",
        "northern european",
        "malaysian",
        "venetian",
        "german",
        "traditional",
        "irish",
        "romanian",
        "corsica",
        "steakhouse",
        "christmas",
        "scandinavian",
        "hungarian",
        "singaporean",
        "eastern european",
        "ital",
        "polynesian",
        "kosher",
        "middle eastern",
        "modern american",
        "indonesian",
        "north african",
        "canapes",
        "south african",
        "fusion",
        "asian",
        "not mentionedc",
        "afternoon tea",
        "kor",
        "gastro pub",
        "american",
        "pizza",
        "modern  european",
        "modern english"
    ],
    "restaurant-price range": [
        "expensive",
        "cheap",
        "moderate",
        "do n't care"
    ],
    "restaurant-area": [
        "centre",
        "south",
        "north",
        "east",
        "do n't care",
        "west"
    ],
    "attraction-name": [
        "all saints church",
        "funky fun house",
        "christ's college",
        "the man on the moon",
        "milton country park",
        "wandlebury country park",
        "vue cinema",
        "clare hall",
        "king's college",
        "lynne strover gallery",
        "saint john's college",
        "broughton house gallery",
        "old schools",
        "museum of classical archaeology",
        "adc theatre",
        "emmanuel college",
        "byard art",
        "soul tree nightclub",
        "cafe jello gallery",
        "club salsa",
        "cambridge university botanic gardens",
        "cherry hinton hall and grounds",
        "museum of archaelogy and anthropology",
        "castle galleries",
        "regency gallery",
        "whipple museum of the history of science",
        "churchill college",
        "holy trinity church",
        "cambridge artworks",
        "cambridge arts theatre",
        "scott polar museum",
        "do n't care",
        "nusha",
        "scudamores punting co",
        "clare college",
        "saint barnabas press gallery",
        "cambridge and county folk museum",
        "kettle's yard",
        "no specific location",
        "whale of a time",
        "cambridge book and print gallery",
        "ballare",
        "riverboat georgina",
        "sidney sussex college",
        "saint catharine's college",
        "great saint mary's church",
        "cherry hinton water play",
        "primavera",
        "cineworld cinema",
        "magdalene college",
        "kambar",
        "parkside pools",
        "the fez club",
        "cambridge museum of technology",
        "museum",
        "downing college",
        "cafe jello",
        "the fitzwilliam museum",
        "little saint mary's church",
        "people's portraits exhibition at girton college",
        "corpus christi",
        "queens' college",
        "tenpin",
        "no",
        "the cambridge punter",
        "fez club",
        "mumford theatre",
        "the cherry hinton village centre",
        "jesus green outdoor pool",
        "trinity college",
        "gonville and caius college",
        "camboats",
        "cambridge",
        "williams art and antiques",
        "kings hedges learner pool",
        "cambridge contemporary art",
        "the cambridge corn exchange",
        "the place",
        "ruskin gallery",
        "sheep's green and lammas land park fen causeway",
        "gallery at twelve a high street",
        "carol",
        "hughes hall",
        "swimming pool",
        "pembroke college",
        "univ",
        "the junction",
        "jesus college",
        "ay",
        "abbey pool and astroturf pitch",
        "fitzwilliam museum",
        "college",
        "pizz",
        "worth house",
        "fi",
        "free",
        "aut",
        "man on the moon",
        "bo",
        "all saint's church",
        "da vinci pizzeria",
        "city",
        "christ college",
        "north",
        "by",
        "garde",
        "s",
        "broughton",
        "caffe uno",
        "cambridge belf",
        "old school",
        "love",
        "college in the north",
        "boating",
        "older churches",
        "c",
        "bangkok city",
        "cambridge punter",
        "queen's college",
        "architectural churches",
        "saint john's college.",
        "parkside",
        "contemporary art museum",
        "ac",
        "thanh",
        "the mumford theatre",
        "fitzbillies",
        "home from home",
        "da v",
        "cambridge temporary art",
        "centre",
        "k",
        "fitzwilliam",
        "pizza",
        "kirkwood",
        "scott polar",
        "cambridge corn exchange",
        "belf",
        "autu",
        "school",
        "corn cambridge exchange",
        "bed",
        "mi"
    ],
    "restaurant-name": [
        "meze bar restaurant",
        "indian",
        "pizza hut city centre",
        "the good luck chinese food takeaway",
        "caffe uno",
        "the gardenia",
        "the oak bistro",
        "do n't care",
        "sala thong",
        "thanh binh",
        "riverside brasserie",
        "cambri",
        "pizza express",
        "yippee noodle bar",
        "curry prince",
        "midsummer house restaurant",
        "restaurant alimentum",
        "nandos city centre",
        "yu garden",
        "bangkok city",
        "copper kettle",
        "backstreet bistro",
        "the golden curry",
        "sesame restaurant and bar",
        "india house",
        "loch fyne",
        "eraina",
        "curry queen",
        "royal spice",
        "prezzo",
        "curry king",
        "the nirala",
        "curry garden",
        "zizzi cambridge",
        "da vinci pizzeria",
        "la raza",
        "efes restaurant",
        "chiquito restaurant bar",
        "taj tandoori",
        "golden wok",
        "charlie chan",
        "kohinoor",
        "the cow pizza kitchen and bar",
        "bedouin",
        "the cambridge chop house",
        "stazione restaurant and coffee bar",
        "graffiti",
        "pizza hut",
        "la mimosa",
        "city stop",
        "grafton hotel restaurant",
        "pizza hut fen ditton",
        "ba",
        "frankie and bennys",
        "rice boat",
        "the missing sock",
        "the varsity restaurant",
        "panahar",
        "nandos",
        "sitar tandoori",
        "oak bistro",
        "maharajah tandoori restaurant",
        "lovel",
        "anatolia",
        "gourmet burger kitchen",
        "don pasquale pizzeria",
        "tandoori palace",
        "ali baba",
        "darrys cookhouse and wine shop",
        "hakka",
        "peking restaurant",
        "de luca cucina and bar",
        "the slug and lettuce",
        "city stop restaurant",
        "kymmoy",
        "cambridge lodge restaurant",
        "tandoori",
        "bloomsbury restaurant",
        "ugly duckling",
        "hk fusion",
        "pizza hut cherry hinton",
        "fitzbillies restaurant",
        "hotel du vin and bistro",
        "no",
        "la margherita",
        "restaurant two two",
        "dojo noodle bar",
        "fi",
        "the copper kettle",
        "michaelhouse cafe",
        "restaurant one seven",
        "the hotpot",
        "royal standard",
        "lev",
        "alex",
        "cote",
        "pipasha restaurant",
        "golden curry",
        "saigon city",
        "pizza express fen ditton",
        "little seoul",
        "rajmahal",
        "meghna",
        "saffron brasserie",
        "j restaurant",
        "the lucky star",
        "hotpot",
        "ask",
        "the gandhi",
        "the river bar steakhouse and grill",
        "cocum",
        "golden house",
        "jinling noodle bar",
        "la tasca",
        "shanghai family restaurant",
        "worth house",
        "cotto",
        "wagamama",
        "galleria",
        "lo",
        "travellers rest",
        "mahal of cambridge",
        "archway",
        "molecular gastonomy",
        "european",
        "saint johns chop house",
        "anatolia and efes restaurant",
        "clowns cafe",
        "shiraz restaurant",
        "nirala",
        "tang chinese",
        "not metioned",
        "cott",
        "cambridge chop house",
        "bridge",
        "lucky star",
        "clu",
        "the",
        "golden house                            golden house",
        "rice house",
        "limehouse",
        "clowns",
        "restaurant",
        "parkside pools",
        "lan hong house",
        "the dojo noodle bar",
        "nusha",
        "hobson house",
        "seasame restaurant and bar",
        "ac",
        "au",
        "el shaddai",
        "bri",
        "old school",
        "cam",
        "yes",
        "adden",
        "gardenia",
        "fin",
        "efes",
        "camboats",
        "missing sock",
        "grafton",
        "nus",
        "cambridge lodge",
        "fitzbillies",
        "hamilton lodge",
        "gastropub",
        "hu",
        "funky",
        "cow pizza",
        "ashley",
        "ros",
        "el",
        "hobso",
        "kitchen and bar",
        "d",
        "cityr",
        "scudamores punt",
        "pipasha",
        "the alex",
        "slug and lettuce",
        "one seven",
        "shanghi family restaurant",
        "charlie",
        "cambridge be",
        "dif",
        "margherita",
        "india",
        "ian hong house"
    ],
    "attraction-type": [
        "museum",
        "entertainment",
        "college",
        "nightclub",
        "swimming pool",
        "multiple sports",
        "architecture",
        "cinema",
        "boat",
        "theatre",
        "concert hall",
        "park",
        "do n't care",
        "local site",
        "hotspot",
        "church",
        "gallery",
        "special",
        "colleges"
    ],
    "hospital-department": [
        "paediatric clinic",
        "paediatric intensive care unit",
        "transplant high dependency unit",
        "do n't care",
        "transitional care",
        "haematology day unit",
        "acute medical assessment unit",
        "neurology",
        "oral and maxillofacial surgery and ent",
        "infectious diseases",
        "intermediate dependancy area",
        "plastic and vascular surgery plastics",
        "cardiology and coronary care unit",
        "infusion services",
        "accident",
        "emergency department",
        "john farman intensive care unit",
        "neurology neurosurgery",
        "cambridge eye unit",
        "children's oncology and haematology",
        "cardiology",
        "respiratory medicine",
        "gastroenterology",
        "hepatobillary and gastrointestinal surgery regional referral centre",
        "uro",
        "urology",
        "surgery",
        "medical decisions unit",
        "gener",
        "haematology and haematological oncology",
        "acute medicine for the elderly",
        "paediatric day unit",
        "oncology",
        "psychiatry",
        "trauma high dependency unit",
        "children's surgical and medicine",
        "trauma and orthopaedics",
        "teenage cancer trust unit",
        "diabetes and endocrinology",
        "medicine for the elderly",
        "clinical decisions unit",
        "neurosciences critical care unit",
        "coronary care unit",
        "clinical research facility",
        "hepatology",
        "haematology",
        "antenatal",
        "neonatal unit",
        "gynaecology",
        "inpatient occupational therapy",
        "neurosciences"
    ],
    "hotel-name": [
        "city centre north b and b",
        "express by holiday inn cambridge",
        "el shaddai",
        "a and b guest house",
        "arbury lodge guest house",
        "university arms hotel",
        "kirkwood house",
        "autumn house",
        "gonville hotel",
        "leverton house",
        "acorn guest house",
        "the cambridge belfry",
        "ashley hotel",
        "the lensfield hotel",
        "finches bed and breakfast",
        "worth house",
        "rosa's bed and breakfast",
        "home from home",
        "avalon",
        "alpha-milton guest house",
        "allenbell",
        "alexander bed and breakfast",
        "cityroomz",
        "limehouse",
        "huntingdon marriott hotel",
        "archway house",
        "warkworth house",
        "lovell lodge",
        "do n't care",
        "aylesbray lodge guest house",
        "carolina bed and breakfast",
        "hobsons house",
        "hamilton lodge",
        "whale",
        "alp",
        "bridge guest house",
        "gonville",
        "cambridge",
        "acorn  house",
        "to",
        "n",
        "city center north",
        "caffe",
        "express by",
        "clare",
        "acorn",
        "sou",
        "north b and b",
        "a",
        "lensfield",
        "kirkwood",
        "levert",
        "anatolia",
        "huntingdon marriot hotel",
        "cherr",
        "nusha",
        "royal spice",
        "la margherit",
        "hotel",
        "gall",
        "caridge belfrey",
        "city roomz",
        "autumn house.",
        "yes",
        "me",
        "nus",
        "not meavalonntioned",
        "alexander bed & breakfast",
        "the allenbell.",
        "the allenbell",
        "gra",
        "the",
        "cambridg",
        "lensfield hotel",
        "tandoori palace",
        "huntingdon hotel",
        "wandlebury coutn",
        "huntingd",
        "aylesbray lodge",
        "doubletree by hilton cambridge",
        "ca",
        "cambridge belfry",
        "city stop rest",
        "alexander"
    ],
    "taxi-leave at": [
        "02:45",
        "24:45",
        "08:45",
        "16:15",
        "08:15",
        "04:45",
        "24:00",
        "12:30",
        "12:00",
        "13:00",
        "22:15",
        "15:15",
        "10:30",
        "01:30",
        "16:45",
        "07:15",
        "12:15",
        "21:00",
        "17:15",
        "21:15",
        "15:00",
        "05:30",
        "19:45",
        "13:15",
        "06:15",
        "19:00",
        "18:30",
        "06:45",
        "06:00",
        "01:00",
        "07:45",
        "06:30",
        "17:45",
        "18:15",
        "21:30",
        "13:45",
        "05:45",
        "03:45",
        "21:25",
        "14:30",
        "20:00",
        "17:00",
        "14:00",
        "04:30",
        "23:30",
        "03:30",
        "20:15",
        "24:15",
        "02:00",
        "07:00",
        "23:00",
        "19:30",
        "22:00",
        "10:15",
        "02:45:",
        "16:30",
        "02:15",
        "18:00",
        "14:15",
        "10:00",
        "17:30",
        "15:45",
        "19:15",
        "20:45",
        "15:30",
        "13:30",
        "11:45",
        "05:00",
        "03:15",
        "03:20",
        "07:30",
        "23:15",
        "16:00",
        "09:30",
        "02:30",
        "01:15",
        "after 2:30",
        "11:30",
        "09:45",
        "03:00",
        "09:15",
        "09:00",
        "15:25",
        "08:30",
        "14:45",
        "04:00",
        "11:00",
        "04:15",
        "08:00",
        "20:30",
        "11:15",
        "1615",
        "23:45",
        "3:45",
        "21:45",
        "after 11:45",
        "05:15",
        "24:30",
        "8:15",
        "22:45",
        "01:45",
        "10:45",
        "22:30",
        "3:15",
        "18:45",
        "thursday",
        "9:00",
        "5:15",
        "21:04",
        "9:15",
        "12:45",
        "6:00",
        "10:50",
        "after 15:45",
        "1:15",
        "300",
        "monday",
        "friday",
        "1"
    ],
    "taxi-destination": [
        "express by holiday inn cambridge",
        "dojo noodle bar",
        "wandlebury country park",
        "leverton house",
        "the cambridge chop house",
        "saint john's college",
        "kettle's yard",
        "galleria",
        "churchill college",
        "royal spice",
        "all saints church",
        "nandos city centre",
        "cote",
        "the nirala",
        "tang chinese",
        "bangkok city",
        "cambridge university botanic gardens",
        "the lucky star",
        "london liverpool street train station",
        "la raza",
        "soul tree nightclub",
        "yippee noodle bar",
        "holy trinity church",
        "christ's college",
        "el shaddai",
        "castle galleries",
        "whale of a time",
        "saint catharine's college",
        "riverside brasserie",
        "fitzbillies restaurant",
        "cambridge",
        "kohinoor",
        "camb",
        "the golden curry",
        "wagamama",
        "maharajah tandoori restaurant",
        "little saint mary's church",
        "camboats",
        "nusha",
        "acorn guest house",
        "riverboat georgina",
        "frankie and bennys",
        "jesus green outdoor pool",
        "aylesbray lodge guest house",
        "golden wok",
        "charlie chan",
        "country folk museum",
        "huntingdon marriott hotel",
        "meze bar restaurant",
        "thanh binh",
        "adc theatre",
        "rice house",
        "graffiti",
        "saigon city",
        "city stop restaurant",
        "carolina bed and breakfast",
        "cafe jello gallery",
        "little seoul",
        "primavera",
        "the place",
        "loch fyne",
        "rice boat",
        "kings hedges learner pool",
        "the junction",
        "the cambridge belfry",
        "funky fun house",
        "pizza hut cherry hinton",
        "cambridge train station",
        "ian hong",
        "sitar tandoori",
        "sidney sussex college",
        "the cow pizza kitchen and bar",
        "the gardenia",
        "don pasquale pizzeria",
        "milton country park",
        "hamilton lodge",
        "hobsons house",
        "kirkwood house",
        "archway house",
        "alexander bed and breakfast",
        "cambridge museum of technology",
        "midsummer house restaurant",
        "allenbell",
        "hakka",
        "old schools",
        "ashley hotel",
        "de luca cucina and bar",
        "chiquito restaurant bar",
        "cambridge lodge restaurant",
        "efes restaurant",
        "bedouin",
        "club salsa",
        "bloomsbury restaurant",
        "hk fusion",
        "rajmahal",
        "lynne strover gallery",
        "ta",
        "ask",
        "abbey pool and astroturf pitch",
        "royal standard",
        "a and b guest house",
        "parkside police station",
        "curry garden",
        "scudamores punting co",
        "the lensfield hotel",
        "the fez club",
        "university arms hotel",
        "la margherita",
        "hotel du vin and bistro",
        "pizza express fen ditton",
        "hughes hall",
        "gonville hotel",
        "the gandhi",
        "tenpin",
        "ballare",
        "ali baba",
        "india house",
        "peking restaurant",
        "meghna",
        "the cambridge punter",
        "pipasha restaurant",
        "prezzo",
        "finches bed and breakfast",
        "avalon",
        "curry prince",
        "da vinci pizzeria",
        "corpus christi",
        "the varsity restaurant",
        "saffron brasserie",
        "downing college",
        "nandos",
        "sesame restaurant and bar",
        "cambridge contemporary art",
        "addenbrookes hospital",
        "williams art and antiques",
        "pembroke college",
        "clare hall",
        "saint johns chop house",
        "cambridge arts theatre",
        "shanghai family restaurant",
        "king's college",
        "the cherry hinton village centre",
        "cambridge and county folk museum",
        "the hotpot",
        "bridge guest house",
        "ugly duckling",
        "cocum",
        "stazione restaurant and coffee bar",
        "gourmet burger kitchen",
        "la tasca",
        "shiraz restaurant",
        "byard art",
        "sheep's green and lammas land park fen causeway",
        "caffe uno",
        "vue cinema",
        "broughton house gallery",
        "the ghandi",
        "kambar",
        "the copper kettle",
        "yu garden",
        "trinity college",
        "birmingham new street train station",
        "eraina",
        "man on the moon concert hall",
        "tandoori palace",
        "cambridge artworks",
        "magdalene college",
        "mumford theatre",
        "pizza express",
        "ely train station",
        "lan hong house",
        "mahal of cambridge",
        "pizza hut city centre",
        "queens' college",
        "golden house",
        "alpha-milton guest house",
        "regency gallery",
        "darrys cookhouse and wine shop",
        "cityroomz",
        "taj tandoori",
        "restaurant one seven",
        "museum of classical archaeology",
        "the soul tree",
        "arbury lodge guesthouse",
        "the cambridge corn exchange",
        "the oak bistro",
        "cambridge county fair next to the city tourist museum",
        "stansted airport train station",
        "grafton hotel restaurant",
        "cotto",
        "autumn house",
        "restaurant two two",
        "jesus college",
        "london kings cross train station",
        "city centre north b and b",
        "cherry hinton water play",
        "great saint mary's church",
        "travellers rest",
        "the man on the moon",
        "rosa's bed and breakfast",
        "the good luck chinese food takeaway",
        "curry king",
        "jinling noodle bar",
        "cambridge book and print gallery",
        "la mimosa",
        "st johns chop house",
        "cherry hinton hall and grounds",
        "anatolia",
        "saint barnabas press gallery",
        "j restaurant",
        "the river bar steakhouse and grill",
        "parkside pools",
        "kymmoy",
        "ghandi",
        "cineworld cinema",
        "clowns cafe",
        "michaelhouse cafe",
        "cambr",
        "restaurant alimentum",
        "zizzi cambridge",
        "not museum of archaeology and anthropologymentioned",
        "worth house",
        "gonville and caius college",
        "fitzwilliam museum",
        "the slug and lettuce",
        "whipple museum of the history of science",
        "the fitzwilliam museum",
        "broxbourne train station",
        "home from home",
        "lovell lodge",
        "museum of archaelogy and anthropology",
        "tandori in cambridge",
        "nirala",
        "leicester train station",
        "cambridge road church of christ",
        "warkworth house",
        "megna",
        "grou",
        "backstreet bistro",
        "sala thong",
        "maharajah tandoori restaurant4",
        "gallery at twelve a high street",
        "pizza hut fen ditton",
        "the regent street city center",
        "shiraz.",
        "gandhi",
        "emmanuel college",
        "tranh binh",
        "wankworth hotel",
        "riverboat georginawd",
        "kambur",
        "the missing sock",
        "panahar",
        "limehouse",
        "finders corner newmarket road",
        "people's portraits exhibition at girton college",
        "station road",
        "scott polar museum",
        "bishops stortford train station",
        "hotel",
        "nil",
        "norwich train station",
        "kings college",
        "restaurant",
        "attraction",
        "stevenage train station",
        "the galleria",
        "clare college",
        "theathre",
        "ruskin gallery",
        "saint barnabas",
        "peterborough train station",
        "cambridge artw2orks",
        "acorn house",
        "queen's college",
        "ca",
        "gastropub",
        "the anatolia",
        "mic",
        "the gallery at twelve",
        "sleeperz hotel",
        "finches"
    ],
    "taxi-departure": [
        "christ's college",
        "kirkwood house",
        "bridge guest house",
        "cineworld cinema",
        "gonville hotel",
        "curry prince",
        "ashley hotel",
        "arbury lodge guesthouse",
        "worth house",
        "city centre north b and b",
        "the lensfield hotel",
        "riverboat georgina",
        "backstreet bistro",
        "all saints church",
        "sala thong",
        "byard art",
        "london kings cross train station",
        "la raza",
        "alexander bed and breakfast",
        "cityroomz",
        "lovell lodge",
        "alpha-milton guest house",
        "el shaddai",
        "restaurant alimentum",
        "india house",
        "allenbell",
        "churchill college",
        "clare college",
        "pizza hut cherry hinton",
        "parkside pools",
        "cambridge arts theatre",
        "frankie and bennys",
        "huntingdon marriott hotel",
        "university arms hotel",
        "la margherita",
        "acorn guest house",
        "soul tree nightclub",
        "ali baba",
        "tandoori palace",
        "saigon city",
        "finches bed and breakfast",
        "nusha",
        "wagamama",
        "the cambridge belfry",
        "milton country park",
        "city stop restaurant",
        "grafton hotel restaurant",
        "express by holiday inn cambridge",
        "the man on the moon",
        "king's college",
        "great saint mary's church",
        "the oak bistro",
        "club salsa",
        "loch fyne",
        "the place",
        "hamilton lodge",
        "la mimosa",
        "restaurant two two",
        "queens' college",
        "the cambridge punter",
        "wandlebury country park",
        "kymmoy",
        "magdalene college",
        "ely train station",
        "royal standard",
        "kings lynn train station",
        "the fez club",
        "jesus green outdoor pool",
        "vue cinema",
        "little saint mary's church",
        "aylesbray lodge guest house",
        "chinese city centre",
        "thanh binh",
        "hakka",
        "kettle's yard",
        "a and b guest house",
        "bloomsbury restaurant",
        "museum of classical archaeology",
        "cherry hinton water play",
        "camboats",
        "abbey pool and astroturf pitch",
        "pizza hut",
        "kings hedges learner pool",
        "nandos city centre",
        "hobsons house",
        "carolina bed and breakfast",
        "the golden curry",
        "rosa's bed and breakfast",
        "the river bar steakhouse and grill",
        "cafe jello gallery",
        "the byard art museum",
        "archway house",
        "ugly duckling",
        "avalon",
        "cherry hinton hall and grounds",
        "addenbrookes hospital",
        "graffiti",
        "cambridge artworks",
        "broughton house gallery",
        "the missing sock",
        "autumn house",
        "stazione restaurant and coffee bar",
        "whale of a time",
        "saint johns chop house",
        "prezzo",
        "rice boat",
        "funky fun house",
        "lan hong house",
        "leverton house",
        "kambar",
        "hotel",
        "museum of archaelogy and anthropology",
        "saint catharine's college",
        "la tasca",
        "cambridge",
        "nstaot mentioned",
        "ambridge",
        "downing college",
        "cocum",
        "mumford theatre",
        "ballare",
        "cote",
        "golden wok",
        "hughes hall",
        "cambridge university botanic gardens",
        "charlie chan",
        "corpus christi",
        "old schools",
        "cambridge belfry",
        "jinling noodle bar",
        "birmingham new street train station",
        "meze bar restaurant",
        "pizza express",
        "cambridge contemporary art",
        "primavera",
        "adc theatre",
        "bedouin",
        "w",
        "trinity college",
        "holy trinity church",
        "ask",
        "rajmahal",
        "the good luck chinese food takeaway",
        "the junction",
        "travellers rest",
        "restaurant one seven",
        "pizza hut fen ditton",
        "taj tandoori",
        "cambridge and county folk museum",
        "curry king",
        "the nirala",
        "pembroke college",
        "golden house",
        "castle galleries",
        "the fitzwilliam museum",
        "galleria",
        "jesus college",
        "curry garden",
        "anatolia",
        "the gandhi",
        "nandos",
        "st. john's college",
        "clowns cafe",
        "dojo noodle bar",
        "panahar",
        "whipple museum of the history of science",
        "warkworth house",
        "gonville and caius college",
        "broxbourne train station",
        "royal spice",
        "london liverpool street train station",
        "gallery at twelve a high street",
        "ruskin gallery",
        "sheep's green and lammas land park fen causeway",
        "home from home",
        "parkside police station",
        "scudamores punting co",
        "the cherry hinton village centre",
        "sesame restaurant and bar",
        "sidney sussex college",
        "chiquito restaurant bar",
        "cambridge train station",
        "the lucky star",
        "saffron brasserie",
        "pizza express fen ditton",
        "clare hall",
        "cambridge lodge restaurant",
        "tenpin",
        "yu garden",
        "rice house",
        "corpus cristi",
        "the varsity restaurant",
        "limehouse",
        "little seoul",
        "hotel du vin and bistro",
        "meghna",
        "tang chinese",
        "the gardenia",
        "emmanuel college",
        "saint barnabas press gallery",
        "lynne strover gallery",
        "cas",
        "cherry hinton village center",
        "bangkok city",
        "kohinoor",
        "don pasquale pizzeria",
        "fitzbillies restaurant",
        "acorn house",
        "curry queen",
        "the cambridge corn exchange",
        "lens",
        "cambridge museum of technology",
        "peterborough train station",
        "london liverpool street",
        "the copper kettle",
        "williams art and antiques",
        "scott polar museum",
        "the avalon",
        "junction theatre",
        "yippee noodle bar",
        "da vinci pizzeria",
        "maharajah tandoori restaurant",
        "darrys cookhouse and wine shop",
        "michaelhouse cafe",
        "peking restaurant",
        "saint john's college",
        "aylesbray lodge",
        "the alexander bed and breakfast",
        "ely",
        "cambridge belfy",
        "eraina",
        "people's portraits exhibition at girton college",
        "gonville",
        "caffe uno",
        "the cow pizza kitchen and bar",
        "mahal of cambridge",
        "lovell ldoge",
        "alyesbray lodge hotel",
        "g",
        "cambridge chop house",
        "wandlebury county park",
        "j restaurant",
        "172 chestertown road",
        "stevenage train station",
        "downing street",
        "gourmet burger kitchen",
        "riverside brasserie",
        "pizza hut city centre",
        "bishops stortford train station",
        "cambridge towninfo centre",
        "citiroomz",
        "de luca cucina and bar",
        "cinema",
        "museum",
        "shiraz restaurant",
        "clair hall",
        "ca",
        "sitar tandoori",
        "cambridge book and print gallery",
        "norwich train station",
        "home",
        "cotto",
        "the cambridge chop house",
        "the slug and lettuce",
        "kings college",
        "the allenbell",
        "zizzi cambridge",
        "regency gallery",
        "new england",
        "the hotpot",
        "caffee uno",
        "park",
        "07:15"
    ],
    "restaurant-book time": [
        "19:45",
        "13:45",
        "10:15",
        "19:15",
        "11:30",
        "10:30",
        "18:45",
        "13:30",
        "15:00",
        "11:45",
        "12:00",
        "15:15",
        "16:45",
        "15:45",
        "17:15",
        "19:30",
        "14:00",
        "10:45",
        "17:30",
        "17:00",
        "12:30",
        "18:15",
        "18:00",
        "20:15",
        "12:45",
        "14:15",
        "13:15",
        "10:00",
        "16:00",
        "19:00",
        "12:15",
        "11:00",
        "11:15",
        "14:30",
        "15:30",
        "18:30",
        "14:45",
        "17:45",
        "09:15",
        "09:45",
        "16:30",
        "16:15",
        "13:00",
        "20:00",
        "21:00",
        "20:30",
        "20:45",
        "1545",
        "1745",
        "09:00",
        "not given",
        "do n't care",
        "13:10",
        "09:30",
        "21:45",
        "08:45"
    ],
    "restaurant-book day": [
        "thursday",
        "wednesday",
        "friday",
        "monday",
        "sunday",
        "saturday",
        "tuesday",
        "thur",
        "not given",
        "w"
    ],
    "restaurant-book people": [
        "2",
        "3",
        "1",
        "5",
        "6",
        "4",
        "7",
        "8"
    ],
    "taxi-arrive by": [
        "19:15",
        "15:45",
        "17:15",
        "17:30",
        "17:00",
        "12:30",
        "12:45",
        "18:00",
        "13:30",
        "13:15",
        "17:45",
        "11:15",
        "14:30",
        "24:00",
        "14:45",
        "01:30",
        "11:45",
        "09:15",
        "16:45",
        "16:15",
        "12:15",
        "06:45",
        "12:00",
        "14:15",
        "11:30",
        "18:30",
        "18:45",
        "14:00",
        "21:00",
        "15:00",
        "19:30",
        "08:15",
        "10:15",
        "01:00",
        "19:00",
        "20:15",
        "11:00",
        "15:30",
        "16:30",
        "08:00",
        "20:00",
        "20:30",
        "20:45",
        "10:45",
        "13:00",
        "09:00",
        "21:45",
        "16:00",
        "19:45",
        "16;15",
        "6:00",
        "10:30",
        "23:15",
        "13:45",
        "15:15",
        "24:45",
        "02:00",
        "18:15",
        "04:00",
        "07:00",
        "04:15",
        "21:30",
        "23:00",
        "3:00",
        "02:45",
        "10:00",
        "07:15",
        "24:15",
        "04:45",
        "01:15",
        "06:30",
        "23:30",
        "06:15",
        "21:15",
        "01:45",
        "07:30",
        "22:30",
        "02:15",
        "1:00",
        "03:15",
        "5:30",
        "05:00",
        "1145",
        "22:00",
        "03:30",
        "05:15",
        "22:15",
        "03:45",
        "09:45",
        "03:00",
        "07:45",
        "06:00",
        "05:30",
        "after 2:00",
        "17:05",
        "1730",
        "02:30",
        "15:23",
        "04:30",
        "09:30",
        "1700",
        "24:30",
        "08:30"
    ],
    "bus-departure": [
        "cambridge"
    ],
    "bus-destination": [
        "london kings cross",
        "bishops stortford",
        "cambridge",
        "kohinoor"
    ],
    "bus-leave at": [
        "21:45"
    ],
    "bus-day": [
        "wednesday"
    ]
}